{"Commons": [-96.33758071610153, 30.615236122800997], "Ross and Bizzell": [-96.33860666300195, 30.620167834103697], "Ross and Ireland": [-96.3412848537996, 30.618123673705455], "Asbury Water Tower": [-96.34351645594647, 30.618049556948257], "Wehner": [-96.34811377094623, 30.611697941546655], "Kleberg": [-96.34705429636921, 30.609301175539372], "Rec Center": [-96.34497826264129, 30.606027016073813], "Lot 100G": [-96.34537759175217, 30.60373788998017], "Reed Arena": [-96.34751429609062, 30.604707894569344], "Old Main": [-96.3423496928048, 30.61282297267205], "Fish Pond": [-96.34319995468047, 30.616595396554533], "Lewis St": [-96.33552614008646, 30.611093186619424], "School of Public Health": [-96.35396904436766, 30.608822421661106], "Transit": [-96.35471067657149, 30.618101438672902], "Wisenbaker West": [-96.36414000030629, 30.61745662473812], "Equine Center - Out": [-96.36611410989774, 30.6156052150571], "PMC West": [-96.37331585480688, 30.60863862817145], "Atlas Pear Dr - OB": [-96.3787446561834, 30.60201782637086], "Health Science Center": [-96.39555275095918, 30.595976905777498], "Atlas Pear Dr - IB": [-96.37871515182812, 30.601917042760267], "PMC East": [-96.37312273539031, 30.608732007082416], "Equine Center - In": [-96.36637763046119, 30.615342709102357], "Atlas Pear Drive - OB": [-96.3642982509393, 30.617587069542466], "MSC": [-96.34217937220825, 30.614309692022893], "Beutel": [-96.34339843852526, 30.615892781793427], "Wehner N": [-96.34972712273868, 30.6118239325867], "White Creek": [-96.35511434979638, 30.606658421557757], "White Creek #2": [-96.3568162146548, 30.60579431593095], "PA 101": [-96.358603910365, 30.607482515069265], "NCTM": [-96.3608776203231, 30.607937584004056], "VTED": [-96.35817761534624, 30.61092167726177], "Houston Building": [-96.35684840122423, 30.6057365115153], "WCCC": [-96.35460338800672, 30.606854069083344], "Wehner S": [-96.34887954307716, 30.611835790574563], "Wisenbaker - East": [-96.33833575937598, 30.621544959099634], "Century Square": [-96.34182397883747, 30.62599813046723], "The Gardens 1": [-96.3433139487805, 30.628037993897216], "Becky Gates Center": [-96.34219948881413, 30.630143126299888], "Hensel @ Texas": [-96.33933086081404, 30.631418085784762], "Startup Aggieland": [-96.35842017869786, 30.599779859710942], "Lot 41/43": [-96.35535574906713, 30.596328147224913], "Bush School": [-96.35283580890237, 30.597398181014775], "GGB": [-96.35300076507075, 30.600461619433716], "Ag Building": [-96.34997254533057, 30.604664912232035], "GERB": [-96.35777108288107, 30.600129631548132], "Lot 108/UPD": [-96.35872863332152, 30.60324057626289], "Vet School": [-96.3522497451175, 30.61518868935036], "Physical Plant": [-96.35652117110175, 30.62033089426534], "GSC": [-96.35777761460893, 30.62252727541334], "Lot 71": [-96.35289884093416, 30.61590167562232], "Hotel/Joe Routt": [-96.34222094652706, 30.61056402886114], "Easterwood Airport": [-96.3671038469076, 30.59158722588128], "Wind Tunnel": [-96.3583893332355, 30.587858658705247], "Turbo Lab": [-96.3561255445192, 30.589039752780934], "Physical Education": [-96.34914910559604, 30.603910500913784], "Park West": [-96.34217758585365, 30.597880697132318], "Olsen Field @ Blue Bell Park": [-96.34287758714397, 30.60395892240005], "Trigon": [-96.33889365991266, 30.614143676474782], "Element @ University Park": [-96.32953005042378, 30.64390163150915], "Carter Creek Shopping Center": [-96.33372905662684, 30.649998638590233], "Broadmoor St.": [-96.34361703897599, 30.66053725741572], "Blinn College - Bldg E": [-96.35207760410219, 30.66829876532918], "Willow Oaks": [-96.33375319655393, 30.64999122470311], "University Square - East": [-96.32785903102773, 30.62864580956263], "Munson": [-96.32278696412907, 30.633748632398447], "April Bloom - East": [-96.31991028948653, 30.639928088323995], "Laurel Ridge": [-96.32726223838637, 30.640140105742862], "Broadmoor - East": [-96.34361703897599, 30.66053725741572], "Broadmoor - West": [-96.34341989623817, 30.660448282034295], "Autumn Circle": [-96.3262000815952, 30.64223954566952], "April Bloom - West": [-96.32007390454783, 30.64007486956914], "Ashburn": [-96.32284865505379, 30.633721946462785], "University Square - West": [-96.32788182984774, 30.628665081823105], "Spruce St.": [-96.34944951357738, 30.62268936493815], "Aggie Station": [-96.3526762171624, 30.6259195609241], "Z Islander ": [-96.35601825595442, 30.627273040553035], "Z Islander": [-96.35867498903913, 30.628276672319828], "Reveille Ranch": [-96.35993160635383, 30.62981401131905], "Wellborn @ Tee": [-96.36408367380977, 30.63481755785008], "Villa Maria @ Green St. ": [-96.36195667801351, 30.640461839272163], "Howdy Street": [-96.35440892748308, 30.634962849512764], "Academic Village": [-96.3547093354644, 30.63280128576048], "College Main Parking Garage": [-96.3469537133398, 30.619997362382144], "Campus View": [-96.31747618017368, 30.62058289682205], "The Rail - East": [-96.31581588963421, 30.622201656808194], "Cripple Creek - East": [-96.31301431698701, 30.62491891612876], "Scarlet O'Hara": [-96.30671111380772, 30.628834084871738], "Briarwood": [-96.30992842964326, 30.627652551605937], "Cripple Creek - West": [-96.31296201381168, 30.625007861953762], "The Rail - West": [-96.31581857184825, 30.622257987724808], "The Cambridge": [-96.31725892083013, 30.62086454744078], "Ashburn - East": [-96.32278696412907, 30.633748632398447], "Ashburn - West": [-96.32284865505379, 30.633721946462785], "Scandia - South": [-96.3237726778177, 30.61083527746925], "Lexington - South": [-96.32102609055998, 30.60863269935441], "Lemon Tree": [-96.3178490079362, 30.606298253184562], "Brentwood": [-96.31361781516374, 30.605305202630078], "Arbor Square": [-96.31100802082615, 30.60470196597013], "Southwest Parkway @ Cornell": [-96.30678755691014, 30.60895878477671], "Southwest Parkway @ Dartmouth": [-96.30382907473701, 30.61188618703759], "Eastmark/Windsor Point": [-96.3000163073671, 30.615646719486765], "Trails @ Wolf Pen Creek": [-96.30223583955043, 30.617880570933593], "Colgate Circle": [-96.30699945182552, 30.611815039096566], "Redstone": [-96.31294994384817, 30.60725722268774], "Alpine Circle": [-96.31639927120504, 30.605576437911726], "Lexington - North": [-96.32072434147166, 30.60841333335652], "Scandia - North": [-96.32369891692944, 30.610824901826813], "Enclave": [-96.31862282670949, 30.611545270249934], "Arbors @ Wolf Pen Creek": [-96.3122619559267, 30.616298934067505], "River Oaks Townhomes": [-96.31032673843995, 30.618135532391374], "Lofts @ Wolf Pen Creek": [-96.30821583592837, 30.61876700931528], "Huntington Apartments": [-96.30927752520955, 30.621826612250764], "Wolf Pen Creek": [-96.30458009469025, 30.620336823730387], "HEB": [-96.31867781209893, 30.61157195065504], "Village St": [-96.32044136788207, 30.61036541009775], "The Woodlands #1": [-96.3295863769203, 30.589423574111855], "The Wick": [-96.32623763259292, 30.59155314061725], "Yellow House": [-96.32293716811975, 30.593659037520645], "University Park ": [-96.32136807286015, 30.595658270018127], "Renaissance Park": [-96.32381827545775, 30.593134411899186], "Madison Point": [-96.32684515409086, 30.591212288573434], "The Woodlands #2": [-96.3296494089521, 30.589419128297006], "Welsh @ First Baptist": [-96.31514935942559, 30.584601455459932], "Welsh @ Navarro": [-96.3131967075471, 30.581628862335933], "Welsh @ Deacon": [-96.31021944987518, 30.57834962175373], "Rock Prairie": [-96.30674464148422, 30.569838586327048], "Deacon - West": [-96.32036894810088, 30.568383598847596], "Fraternity Row": [-96.3149294178679, 30.573738405820073], "Welsh @ Deacon IB": [-96.31028248190698, 30.578450383186716], "Welsh @ Balcones": [-96.31511851396326, 30.584616274176707], "Woodsman": [-96.33943814937881, 30.591775436012934], "Gridiron": [-96.33649441938337, 30.588937499453863], "The Retreat": [-96.33384305072687, 30.58611445702219], "University Trails": [-96.3467337717821, 30.58726589368926], "Fox Run": [-96.3443975632845, 30.58956139446202],